{"cameraMode":{"drawMode":0,"name":"Shaded","section":"Shading Mode"},"sceneLighting":false,"audioPlay":false,"sceneViewState":{"m_AlwaysRefresh":false,"showFog":true,"showSkybox":false,"showFlares":true,"showImageEffects":true,"showParticleSystems":true,"showVisualEffectGraphs":true,"m_FxEnabled":true},"in2DMode":false,"pivot":{"x":2.90722918510437,"y":0.9075860977172852,"z":0.3621503710746765},"rotation":{"x":0.1464545726776123,"y":-0.014837490394711495,"z":0.0021971617825329305,"w":0.9891051650047302},"size":0.3000173270702362,"orthographic":false}