{"cameraMode":{"drawMode":0,"name":"Shaded","section":"Shading Mode"},"sceneLighting":false,"audioPlay":false,"sceneViewState":{"m_AlwaysRefresh":false,"showFog":true,"showSkybox":false,"showFlares":true,"showImageEffects":true,"showParticleSystems":true,"showVisualEffectGraphs":true,"m_FxEnabled":true},"in2DMode":false,"pivot":{"x":0.5683859586715698,"y":1.372402548789978,"z":4.389044761657715},"rotation":{"x":0.10208041965961456,"y":0.8835417628288269,"z":-0.22748881578445435,"w":0.3964712917804718},"size":0.11808949708938599,"orthographic":false}