{"cameraMode":{"drawMode":0,"name":"Shaded","section":"Shading Mode"},"sceneLighting":true,"audioPlay":false,"sceneViewState":{"m_AlwaysRefresh":false,"showFog":true,"showSkybox":true,"showFlares":true,"showImageEffects":true,"showParticleSystems":true,"showVisualEffectGraphs":true,"m_FxEnabled":true},"in2DMode":false,"pivot":{"x":-0.4080944061279297,"y":0.9197087287902832,"z":-0.34741854667663576},"rotation":{"x":0.11075316369533539,"y":-0.7802282571792603,"z":0.14439725875854493,"w":0.5984400510787964},"size":2.0918686389923097,"orthographic":false}