{"cameraMode":{"drawMode":0,"name":"Shaded","section":"Shading Mode"},"sceneLighting":true,"audioPlay":false,"sceneViewState":{"m_AlwaysRefresh":false,"showFog":true,"showSkybox":true,"showFlares":true,"showImageEffects":true,"showParticleSystems":true,"showVisualEffectGraphs":true,"m_FxEnabled":true},"in2DMode":false,"pivot":{"x":0.11400000005960465,"y":1.4570000171661378,"z":1.3880000114440919},"rotation":{"x":-0.1540999561548233,"y":-0.3177695572376251,"z":0.05242326483130455,"w":-0.9340982437133789},"size":1.4660253524780274,"orthographic":false}