{"cameraMode":{"drawMode":0,"name":"Shaded","section":"Shading Mode"},"sceneLighting":true,"audioPlay":false,"sceneViewState":{"m_AlwaysRefresh":false,"showFog":true,"showSkybox":true,"showFlares":true,"showImageEffects":true,"showParticleSystems":true,"showVisualEffectGraphs":true,"m_FxEnabled":true},"in2DMode":false,"pivot":{"x":0.5654934644699097,"y":1.369862675666809,"z":4.383040428161621},"rotation":{"x":0.1464545726776123,"y":-0.014837490394711495,"z":0.0021971617825329305,"w":0.9891051650047302},"size":4.191868305206299,"orthographic":false}